[
{
 "model": "db.cv", "pk": 1, "fields": {
  "name": "null"
 }
},{
 "model": "db.cv", "pk": 5, "fields": {
  "name": "autocreated"
 }
},{
 "model": "db.cv", "pk": 6, "fields": {
  "name": "chado_properties"
 }
},{
 "model": "db.cv", "pk": 7, "fields": {
  "name": "relationship"
 }
},{
 "model": "db.cv", "pk": 8, "fields": {
  "name": "synonym_type"
 }
},{
 "model": "db.cv", "pk": 9, "fields": {
  "name": "cvterm_property_type"
 }
},{
 "model": "db.cv", "pk": 10, "fields": {
  "name": "anonymous"
 }
},{
 "model": "db.cv", "pk": 11, "fields": {
  "name": "sequence"
 }
},{
 "model": "db.cv", "pk": 15, "fields": {
  "name": "external"
 }
},{
 "model": "db.cv", "pk": 75, "fields": {
  "name": "feature_property"
 }
},{
 "model": "db.cv", "pk": 86, "fields": {
  "name": "gstain"
 }
},{
 "model": "db.cv", "pk": 87, "fields": {
  "name": "disease"
 }
},{
 "model": "db.cv", "pk": 88, "fields": {
  "name": "DIL"
 }
},{
 "model": "db.cvterm", "pk": 1, "fields": {
  "name": "null",  "cv": 1,  "is_relationshiptype": 0,  "dbxref": 1
 }
},{
 "model": "db.cvterm", "pk": 29, "fields": {
  "name": "version",  "cv": 6,  "is_relationshiptype": 0,  "dbxref": 29
 }
},{
 "model": "db.cvterm", "pk": 30, "fields": {
  "name": "comment",  "cv": 9,  "is_relationshiptype": 0,  "dbxref": 30
 }
},{
 "model": "db.cvterm", "pk": 37, "fields": {
  "name": "part_of",  "cv": 7,  "is_relationshiptype": 1,  "dbxref": 39
 }
},{
 "model": "db.cvterm", "pk": 50, "fields": {
  "name": "derives_from",  "cv": 7,  "is_relationshiptype": 1,  "dbxref": 65
 }
},{
 "model": "db.cvterm", "pk": 61, "fields": {
  "name": "relationship",  "cv": 7,  "is_relationshiptype": 1,  "dbxref": 87
 }
},{
 "model": "db.cvterm", "pk": 95, "fields": {
  "name": "part_of",  "cv": 15,  "is_relationshiptype": 1,  "dbxref": 121
 }
},{
 "model": "db.cvterm", "pk": 114, "fields": {
  "name": "region",  "cv": 11,  "is_relationshiptype": 0,  "dbxref": 140
 }
},{
 "model": "db.cvterm", "pk": 455, "fields": {
  "name": "chromosome",  "cv": 11,  "is_relationshiptype": 0,  "dbxref": 600
 }
},{
 "model": "db.cvterm", "pk": 44514, "fields": {
  "name": "entrez_id",  "cv": 75,  "is_relationshiptype": 0,  "dbxref": 100293
 }
},{
 "model": "db.cvterm", "pk": 44594, "fields": {
  "name": "gpos100",  "cv": 86,  "is_relationshiptype": 0,  "dbxref": 100374
 }
},{
 "model": "db.cvterm", "pk": 44595, "fields": {
  "name": "gpos",  "cv": 86,  "is_relationshiptype": 0,  "dbxref": 100375
 }
},{
 "model": "db.cvterm", "pk": 44596, "fields": {
  "name": "gpos75",  "cv": 86,  "is_relationshiptype": 0,  "dbxref": 100376
 }
},{
 "model": "db.cvterm", "pk": 44597, "fields": {
  "name": "gpos66",  "cv": 86,  "is_relationshiptype": 0,  "dbxref": 100377
 }
},{
 "model": "db.cvterm", "pk": 44598, "fields": {
  "name": "gpos50",  "cv": 86,  "is_relationshiptype": 0,  "dbxref": 100378
 }
},{
 "model": "db.cvterm", "pk": 44599, "fields": {
  "name": "gpos33",  "cv": 86,  "is_relationshiptype": 0,  "dbxref": 100379
 }
},{
 "model": "db.cvterm", "pk": 44600, "fields": {
  "name": "gpos25",  "cv": 86,  "is_relationshiptype": 0,  "dbxref": 100380
 }
},{
 "model": "db.cvterm", "pk": 44601, "fields": {
  "name": "gvar",  "cv": 86,  "is_relationshiptype": 0,  "dbxref": 100381
 }
},{
 "model": "db.cvterm", "pk": 44602, "fields": {
  "name": "gneg",  "cv": 86,  "is_relationshiptype": 0,  "dbxref": 100382
 }
},{
 "model": "db.cvterm", "pk": 44603, "fields": {
  "name": "acen",  "cv": 86,  "is_relationshiptype": 0,  "dbxref": 100383
 }
},{
 "model": "db.cvterm", "pk": 44604, "fields": {
  "name": "stalk",  "cv": 86,  "is_relationshiptype": 0,  "dbxref": 100384
 }
},{
 "model": "db.cvterm", "pk": 44605, "fields": {
  "name": "Type 1 Diabetes",  "cv": 87,  "is_relationshiptype": 0,  "dbxref": 100385
 }
},{
 "model": "db.cvterm", "pk": 44608, "fields": {
  "name": "disease short name",  "cv": 88,  "is_relationshiptype": 0,  "dbxref": 100413
 }
},{
 "model": "db.cvterm", "pk": 44609, "fields": {
  "name": "colour",  "cv": 88,  "is_relationshiptype": 0,  "dbxref": 100414
 }
},{
 "model": "db.cvterm", "pk": 44614, "fields": {
  "name": "Juvenile Idiopathic Arthritis",  "cv": 87,  "is_relationshiptype": 0,  "dbxref": 100441
 }
},{
 "model": "db.cvtermdbxref", "pk": 27, "fields": {
  "cvterm": 114,  "is_for_definition": 1,  "dbxref": 141
 }
},{
 "model": "db.cvtermdbxref", "pk": 399, "fields": {
  "cvterm": 455,  "is_for_definition": 1,  "dbxref": 201
 }
}
]